Pollutant,Group,Unit,Pooled D minus A [interval],Within-city D minus A [interval],"Population, Grade A","Population, Grade D"
NO2,Entire population,ppb,"+6.195 [+4.534, +7.432]","+2.858 [+2.219, +3.518]","2,481,323","10,707,961"
NO2,Non-Hispanic White,ppb,"+5.504 [+3.656, +6.973]","+2.913 [+2.317, +3.570]","1,816,226","3,265,931"
NO2,Non-Hispanic Black,ppb,"+3.965 [+2.071, +5.628]","+1.818 [+1.066, +2.587]","289,677","3,177,387"
NO2,Hispanic or Latino,ppb,"+7.346 [+5.082, +8.642]","+2.507 [+1.799, +3.140]","199,954","3,286,516"
NO2,Non-Hispanic Asian,ppb,"+6.477 [+4.488, +8.537]","+3.511 [+2.546, +4.176]","115,086","692,452"
PM25,Entire population,ug/m3,"+0.368 [-0.029, +0.729]","+0.303 [+0.186, +0.420]","2,481,323","10,707,961"
PM25,Non-Hispanic White,ug/m3,"+0.146 [-0.182, +0.464]","+0.224 [+0.132, +0.314]","1,816,226","3,265,931"
PM25,Non-Hispanic Black,ug/m3,"+0.141 [-0.411, +0.651]","+0.158 [+0.010, +0.298]","289,677","3,177,387"
PM25,Hispanic or Latino,ug/m3,"+0.797 [+0.051, +1.337]","+0.299 [+0.140, +0.453]","199,954","3,286,516"
PM25,Non-Hispanic Asian,ug/m3,"+0.006 [-0.442, +0.460]","+0.319 [+0.146, +0.439]","115,086","692,452"
