Pollutant,Group,Unit,Mean,Gap,95 pct interval,County-clustered SE
NO2,Non-Hispanic White (reference),ppb,7.153,--,--,--
NO2,Non-Hispanic Black,ppb,9.758,+2.605,"[1.931, 3.260]",0.348
NO2,Hispanic or Latino,ppb,11.186,+4.033,"[2.738, 5.334]",0.847
NO2,Non-Hispanic Asian,ppb,11.795,+4.642,"[3.303, 6.013]",0.781
NO2,American Indian / Alaska Native,ppb,6.320,-0.833,"[-1.242, -0.416]",0.215
PM25,Non-Hispanic White (reference),ug/m3,9.080,--,--,--
PM25,Non-Hispanic Black,ug/m3,10.286,+1.206,"[1.031, 1.383]",0.094
PM25,Hispanic or Latino,ug/m3,9.371,+0.292,"[-0.098, 0.687]",0.229
PM25,Non-Hispanic Asian,ug/m3,9.430,+0.351,"[0.051, 0.659]",0.177
PM25,American Indian / Alaska Native,ug/m3,7.597,-1.482,"[-1.912, -1.056]",0.220
