Pollutant,Measure,Unit,2000-02 mean,2013-15 mean,Change,Yearly range,Direction
NO2,"D-A, pooled",ppb,"+6.531 [+4.631, +7.910]","+4.782 [+3.595, +5.637]","-1.749 [-2.349, -0.955]",+4.251 to +7.482,"fell, narrowed (0+, 25-)"
NO2,"D-A, within city",ppb,"+2.788 [+2.133, +3.449]","+2.392 [+1.877, +2.907]","-0.396 [-0.575, -0.216]",+1.917 to +3.238,"none (0+, 19-)"
NO2,"D-A, between city",ppb,"+3.743 [+1.904, +5.207]","+2.390 [+1.297, +3.301]","-1.353 [-1.958, -0.590]",+2.327 to +4.244,"fell, narrowed (0+, 25-)"
NO2,"D/A, pooled",ratio,"+1.372 [+1.275, +1.458]","+1.496 [+1.387, +1.596]","+0.125 [+0.092, +0.155]",+1.343 to +1.574,"rose, widened (25+, 0-)"
NO2,"Relative, within city",ratio,"+1.150 [+1.115, +1.186]","+1.233 [+1.181, +1.286]","+0.083 [+0.063, +0.104]",+1.131 to +1.275,"rose, widened (25+, 0-)"
NO2,"Relative, between city",ratio,"+1.192 [+1.103, +1.277]","+1.213 [+1.121, +1.307]","+0.021 [+0.001, +0.041]",+1.176 to +1.265,"none (21+, 0-)"
PM2.5,"D-A, pooled",ug/m3,"+1.897 [+1.165, +2.537]","+0.544 [+0.143, +0.878]","-1.353 [-1.762, -0.898]",+0.368 to +2.036,"fell, narrowed (0+, 25-)"
PM2.5,"D-A, within city",ug/m3,"+0.926 [+0.663, +1.245]","+0.356 [+0.218, +0.515]","-0.571 [-0.739, -0.420]",+0.245 to +1.090,"fell, narrowed (0+, 25-)"
PM2.5,"D-A, between city",ug/m3,"+0.971 [+0.401, +1.425]","+0.189 [-0.109, +0.451]","-0.783 [-1.121, -0.369]",+0.065 to +1.015,"fell (0+, 25-)"
PM2.5,"D/A, pooled",ratio,"+1.141 [+1.090, +1.183]","+1.060 [+1.016, +1.097]","-0.081 [-0.104, -0.053]",+1.036 to +1.157,"fell, narrowed (0+, 25-)"
PM2.5,"Relative, within city",ratio,"+1.068 [+1.050, +1.087]","+1.039 [+1.024, +1.056]","-0.029 [-0.037, -0.022]",+1.026 to +1.083,"fell, narrowed (0+, 25-)"
PM2.5,"Relative, between city",ratio,"+1.069 [+1.030, +1.098]","+1.020 [+0.988, +1.048]","-0.048 [-0.070, -0.020]",+1.006 to +1.071,"fell (0+, 25-)"
