Group,Domain,Measure,Unit,2000-02 mean,2013-15 mean,Change,Yearly range,Direction
Non-Hispanic Black,Nation,Gap,ppb,+3.292,+2.135,-1.157,+2.056 to +3.407,"fell, narrowed (0+, 25-)"
Non-Hispanic Black,Nation,Ratio,ratio,+1.284,+1.346,+0.062,+1.262 to +1.369,"rose, widened (25+, 0-)"
Non-Hispanic Black,"Graded, pooled",Gap,ppb,"+1.798 [+0.744, +2.878]","+1.431 [+0.713, +2.087]","-0.367 [-0.884, +0.076]",+1.393 to +2.126,"none (0+, 4-)"
Non-Hispanic Black,"Graded, pooled",Ratio,ratio,"+1.090 [+1.037, +1.148]","+1.125 [+1.063, +1.183]","+0.035 [+0.018, +0.051]",+1.085 to +1.138,"rose, widened (25+, 0-)"
Non-Hispanic Black,"Graded, within city",Gap,ppb,"+0.763 [+0.296, +1.251]","+0.683 [+0.332, +1.041]","-0.081 [-0.266, +0.101]",+0.619 to +0.980,"none (0+, 0-)"
Non-Hispanic Black,"Graded, within city",Relative,ratio,"+1.038 [+1.015, +1.062]","+1.059 [+1.028, +1.091]","+0.021 [+0.010, +0.032]",+1.032 to +1.067,"rose, widened (25+, 0-)"
Non-Hispanic Black,"Grade D, within city",Gap,ppb,"+0.018 [-0.500, +0.713]","+0.034 [-0.303, +0.462]","+0.016 [-0.305, +0.286]",-0.129 to +0.202,"none (0+, 0-)"
Non-Hispanic Black,"Grade D, within city",Relative,ratio,"+1.001 [+0.979, +1.034]","+1.003 [+0.977, +1.037]","+0.002 [-0.010, +0.013]",+0.992 to +1.012,"none (0+, 0-)"
Hispanic or Latino,Nation,Gap,ppb,+5.335,+3.452,-1.883,+3.377 to +5.744,"fell, narrowed (0+, 25-)"
Hispanic or Latino,Nation,Ratio,ratio,+1.460,+1.558,+0.099,+1.419 to +1.634,"rose, widened (25+, 0-)"
Hispanic or Latino,"Graded, pooled",Gap,ppb,"+5.490 [+2.444, +7.757]","+3.678 [+1.977, +4.857]","-1.812 [-2.898, -0.411]",+3.595 to +6.099,"fell, narrowed (0+, 25-)"
Hispanic or Latino,"Graded, pooled",Ratio,ratio,"+1.274 [+1.123, +1.388]","+1.321 [+1.176, +1.432]","+0.047 [+0.028, +0.077]",+1.254 to +1.378,"rose, widened (25+, 0-)"
Hispanic or Latino,"Graded, within city",Gap,ppb,"+1.319 [+0.674, +2.045]","+1.144 [+0.710, +1.627]","-0.175 [-0.437, +0.068]",+1.129 to +1.595,"none (0+, 0-)"
Hispanic or Latino,"Graded, within city",Relative,ratio,"+1.060 [+1.032, +1.089]","+1.090 [+1.058, +1.125]","+0.031 [+0.023, +0.037]",+1.053 to +1.101,"rose, widened (25+, 0-)"
Hispanic or Latino,"Grade D, within city",Gap,ppb,"+0.505 [-0.110, +1.302]","+0.558 [+0.125, +1.081]","+0.053 [-0.244, +0.275]",+0.314 to +1.000,"none (0+, 0-)"
Hispanic or Latino,"Grade D, within city",Relative,ratio,"+1.015 [+0.991, +1.047]","+1.030 [+1.001, +1.065]","+0.015 [+0.005, +0.021]",+1.009 to +1.049,"none (21+, 0-)"
Non-Hispanic Asian,Nation,Gap,ppb,+6.497,+3.897,-2.600,+3.844 to +6.926,"fell, narrowed (0+, 25-)"
Non-Hispanic Asian,Nation,Ratio,ratio,+1.560,+1.630,+0.071,+1.512 to +1.711,"rose, widened (25+, 0-)"
Non-Hispanic Asian,"Graded, pooled",Gap,ppb,"+5.675 [+2.381, +7.666]","+3.567 [+1.887, +4.601]","-2.108 [-3.236, -0.478]",+3.448 to +6.422,"fell, narrowed (0+, 25-)"
Non-Hispanic Asian,"Graded, pooled",Ratio,ratio,"+1.283 [+1.127, +1.381]","+1.311 [+1.173, +1.410]","+0.028 [-0.002, +0.061]",+1.266 to +1.373,"none (23+, 0-)"
Non-Hispanic Asian,"Graded, within city",Gap,ppb,"+0.985 [+0.484, +1.471]","+0.720 [+0.508, +0.911]","-0.265 [-0.580, +0.043]",+0.588 to +1.079,"none (0+, 11-)"
Non-Hispanic Asian,"Graded, within city",Relative,ratio,"+1.045 [+1.024, +1.066]","+1.059 [+1.044, +1.074]","+0.014 [+0.006, +0.021]",+1.042 to +1.065,"rose, widened (25+, 0-)"
Non-Hispanic Asian,"Grade D, within city",Gap,ppb,"+0.609 [+0.229, +1.010]","+0.521 [+0.241, +0.833]","-0.088 [-0.243, +0.047]",+0.369 to +0.680,"none (0+, 1-)"
Non-Hispanic Asian,"Grade D, within city",Relative,ratio,"+1.019 [+1.004, +1.038]","+1.026 [+1.007, +1.051]","+0.008 [-0.001, +0.016]",+1.013 to +1.030,"none (0+, 0-)"
