Pollutant,Group,Domain,Measure,"Difference, vs nation","Direction, vs nation","Difference, vs nation without graded","Direction, vs nation without graded"
NO2,Non-Hispanic Black,"Graded, pooled",Gap,"+0.791 [+0.274, +1.234]","positive (25+, 0-)","+0.300 [-0.217, +0.743]","none (0+, 0-)"
NO2,Non-Hispanic Black,"Graded, pooled",Ratio,"-0.027 [-0.045, -0.011]","negative (0+, 25-)","+0.004 [-0.014, +0.020]","none (0+, 0-)"
NO2,Non-Hispanic Black,"Grade D, pooled",Gap,"+1.336 [+0.515, +2.111]","positive (25+, 0-)","+0.845 [+0.024, +1.620]","none (19+, 0-)"
NO2,Non-Hispanic Black,"Grade D, pooled",Ratio,"-0.055 [-0.072, -0.039]","negative (0+, 25-)","-0.024 [-0.041, -0.008]","negative (0+, 25-)"
NO2,Hispanic or Latino,"Graded, pooled",Gap,"+0.070 [-1.015, +1.472]","none (0+, 0-)","-0.403 [-1.489, +0.999]","none (0+, 0-)"
NO2,Hispanic or Latino,"Graded, pooled",Ratio,"-0.051 [-0.071, -0.021]","negative (0+, 25-)","-0.037 [-0.057, -0.007]","negative (0+, 25-)"
NO2,Hispanic or Latino,"Grade D, pooled",Gap,"+0.565 [-0.869, +2.101]","none (0+, 0-)","+0.092 [-1.342, +1.628]","none (0+, 0-)"
NO2,Hispanic or Latino,"Grade D, pooled",Ratio,"-0.082 [-0.100, -0.054]","negative (0+, 25-)","-0.068 [-0.086, -0.040]","negative (0+, 25-)"
NO2,Non-Hispanic Asian,"Graded, pooled",Gap,"+0.493 [-0.635, +2.123]","none (0+, 0-)","+0.113 [-1.015, +1.743]","none (0+, 0-)"
NO2,Non-Hispanic Asian,"Graded, pooled",Ratio,"-0.042 [-0.072, -0.009]","negative (0+, 25-)","-0.028 [-0.058, +0.005]","none (0+, 5-)"
NO2,Non-Hispanic Asian,"Grade D, pooled",Gap,"+1.066 [-0.031, +2.272]","none (22+, 0-)","+0.687 [-0.410, +1.893]","none (0+, 0-)"
NO2,Non-Hispanic Asian,"Grade D, pooled",Ratio,"-0.057 [-0.077, -0.031]","negative (0+, 25-)","-0.043 [-0.063, -0.017]","negative (0+, 25-)"
PM2.5,Non-Hispanic Black,"Graded, pooled",Gap,"+0.415 [+0.164, +0.638]","positive (25+, 0-)","+0.311 [+0.060, +0.533]","none (18+, 0-)"
PM2.5,Non-Hispanic Black,"Graded, pooled",Ratio,"+0.030 [+0.007, +0.049]","none (24+, 0-)","+0.031 [+0.008, +0.049]","none (19+, 0-)"
PM2.5,Non-Hispanic Black,"Grade D, pooled",Gap,"+0.746 [+0.406, +1.002]","positive (25+, 0-)","+0.642 [+0.301, +0.898]","positive (25+, 0-)"
PM2.5,Non-Hispanic Black,"Grade D, pooled",Ratio,"+0.049 [+0.022, +0.067]","positive (25+, 0-)","+0.049 [+0.022, +0.067]","positive (25+, 0-)"
PM2.5,Hispanic or Latino,"Graded, pooled",Gap,"-0.712 [-1.862, +0.641]","none (0+, 0-)","-1.053 [-2.203, +0.300]","none (0+, 0-)"
PM2.5,Hispanic or Latino,"Graded, pooled",Ratio,"-0.049 [-0.104, +0.028]","none (0+, 0-)","-0.071 [-0.126, +0.006]","none (0+, 8-)"
PM2.5,Hispanic or Latino,"Grade D, pooled",Gap,"-0.477 [-1.744, +0.950]","none (0+, 0-)","-0.818 [-2.084, +0.609]","none (0+, 0-)"
PM2.5,Hispanic or Latino,"Grade D, pooled",Ratio,"-0.032 [-0.095, +0.047]","none (0+, 0-)","-0.054 [-0.117, +0.025]","none (0+, 0-)"
PM2.5,Non-Hispanic Asian,"Graded, pooled",Gap,"-0.079 [-1.168, +0.980]","none (0+, 0-)","-0.264 [-1.353, +0.795]","none (0+, 0-)"
PM2.5,Non-Hispanic Asian,"Graded, pooled",Ratio,"-0.015 [-0.069, +0.043]","none (0+, 0-)","-0.028 [-0.082, +0.030]","none (0+, 0-)"
PM2.5,Non-Hispanic Asian,"Grade D, pooled",Gap,"+0.279 [-0.726, +1.120]","none (0+, 0-)","+0.095 [-0.911, +0.935]","none (0+, 0-)"
PM2.5,Non-Hispanic Asian,"Grade D, pooled",Ratio,"+0.012 [-0.037, +0.056]","none (0+, 0-)","-0.001 [-0.050, +0.043]","none (0+, 0-)"
