Pollutant,Group,Measure,"w = 0, 2000-02","w = 0, 2013-15","w = 0.25, 2000-02","w = 0.25, 2013-15","Direction, all bounds"
NO2,Black,gap (ppb),3.292,2.135,3.150 to 3.159,2.040 to 2.045,"falls, 24 of 24"
NO2,Black,ratio,1.284,1.346,1.266 to 1.268,1.322 to 1.325,"rises, 24 of 24"
NO2,Hispanic,gap (ppb),5.335,3.452,5.177 to 5.190,3.346 to 3.353,"falls, 24 of 24"
NO2,Hispanic,ratio,1.460,1.558,1.437 to 1.440,1.527 to 1.532,"rises, 24 of 24"
NO2,Asian,gap (ppb),6.497,3.897,6.377 to 6.393,3.824 to 3.834,"falls, 24 of 24"
NO2,Asian,ratio,1.560,1.630,1.538 to 1.542,1.602 to 1.608,"rises, 24 of 24"
PM2.5,Black,gap (ug/m3),1.624,0.841,1.583 to 1.585,0.807 to 0.809,"falls, 16 of 16"
PM2.5,Black,ratio,1.135,1.104,1.131,1.100,"falls, 16 of 16"
PM2.5,Hispanic,gap (ug/m3),1.202,0.785,1.152 to 1.153,0.751,"falls, 16 of 16"
PM2.5,Hispanic,ratio,1.101,1.097,1.096,1.093,"none robust, 16 of 16"
PM2.5,Asian,gap (ug/m3),1.865,0.745,1.832 to 1.833,0.723,"falls, 16 of 16"
PM2.5,Asian,ratio,1.156,1.092,1.152 to 1.153,1.089,"falls, 16 of 16"
