Pollutant,Unit,Grade pair,Bandwidth,"tau, mean 2000-2015",tau 2010,SE 2010,CI low 2010,CI high 2010,Years excluding zero,Blocks 2010,Segments 2010
,,,m,conc,conc,conc,conc,conc,count,count,count
NO2,ppb,C|D,100,0.0745,0.0142,0.0415,-0.0672,0.0955,9 of 16,"32,521","2,123"
NO2,ppb,C|D,250,0.0252,0.0152,0.0232,-0.0303,0.0606,1 of 16,"75,769","2,431"
NO2,ppb,C|D,500,0.0273,0.0291,0.0196,-0.0092,0.0674,5 of 16,"123,823","2,486"
NO2,ppb,C|D,"1,000",0.0577,0.0527,0.0274,-0.0010,0.1064,9 of 16,"173,769","2,506"
NO2,ppb,C|D,"2,000",0.1389,0.1564,0.0406,0.0768,0.2360,15 of 16,"208,794","2,508"
NO2,ppb,B|C,100,0.0781,0.1125,0.0479,0.0187,0.2063,3 of 16,"37,206","2,664"
NO2,ppb,B|C,250,-0.0003,-0.0023,0.0281,-0.0574,0.0529,0 of 16,"82,857","3,002"
NO2,ppb,B|C,500,0.0607,0.0685,0.0213,0.0269,0.1102,15 of 16,"127,378","3,036"
NO2,ppb,B|C,"1,000",0.1260,0.1561,0.0256,0.1060,0.2062,16 of 16,"165,546","3,041"
NO2,ppb,B|C,"2,000",0.1968,0.2339,0.0295,0.1760,0.2917,16 of 16,"187,375","3,045"
PM25,ug/m3,C|D,100,0.0073,0.0084,0.0112,-0.0136,0.0303,0 of 16,"32,521","2,123"
PM25,ug/m3,C|D,250,0.0001,-0.0034,0.0061,-0.0153,0.0085,0 of 16,"75,769","2,431"
PM25,ug/m3,C|D,500,0.0066,-0.0009,0.0065,-0.0136,0.0118,3 of 16,"123,823","2,486"
PM25,ug/m3,C|D,"1,000",0.0141,-0.0032,0.0078,-0.0186,0.0121,5 of 16,"173,769","2,506"
PM25,ug/m3,C|D,"2,000",0.0253,0.0030,0.0080,-0.0126,0.0187,9 of 16,"208,794","2,508"
PM25,ug/m3,B|C,100,0.0062,0.0085,0.0130,-0.0170,0.0340,0 of 16,"37,206","2,664"
PM25,ug/m3,B|C,250,0.0098,0.0095,0.0074,-0.0050,0.0241,1 of 16,"82,857","3,002"
PM25,ug/m3,B|C,500,0.0174,0.0052,0.0066,-0.0078,0.0182,9 of 16,"127,378","3,036"
PM25,ug/m3,B|C,"1,000",0.0267,0.0024,0.0073,-0.0120,0.0168,10 of 16,"165,546","3,041"
PM25,ug/m3,B|C,"2,000",0.0432,0.0071,0.0078,-0.0081,0.0222,11 of 16,"187,375","3,045"
