Pollutant,Group,Unit,Avoided deaths per year,Population share,Benefit share,Incidence ratio,"Benefit per person, central","Benefit per person, range"
,,,deaths/year,percent,percent,dimensionless,USD/person/year,USD/person/year
NO2,Entire population,ppb,"22,172",100.0,100.0,1.00,795,"184 to 2,374"
NO2,Non-Hispanic White,ppb,"12,641",63.9,57.0,0.89,709,"164 to 2,126"
NO2,Non-Hispanic Black,ppb,"2,930",12.3,13.2,1.08,856,"198 to 2,550"
NO2,Hispanic or Latino,ppb,"4,592",16.4,20.7,1.26,"1,004","233 to 2,974"
NO2,Non-Hispanic Asian,ppb,"1,385",4.5,6.2,1.38,"1,095","254 to 3,244"
PM25,Entire population,ug/m3,"49,819",100.0,100.0,1.00,"1,787","559 to 3,571"
PM25,Non-Hispanic White,ug/m3,"30,680",63.9,61.6,0.96,"1,721","538 to 3,443"
PM25,Non-Hispanic Black,ug/m3,"7,023",12.3,14.1,1.15,"2,052","642 to 4,097"
PM25,Hispanic or Latino,ug/m3,"8,256",16.4,16.6,1.01,"1,805","565 to 3,600"
PM25,Non-Hispanic Asian,ug/m3,"2,558",4.5,5.1,1.13,"2,022","633 to 4,034"
