Pollutant,Group,Unit,2000,2010,2015,Change 2000-2015,Gap 2000,Gap 2015,Ratio 2000,Ratio 2015
,,,conc,conc,conc,percent,conc,conc,dimensionless,dimensionless
NO2,Entire population,ppb,13.175,8.378,7.013,-46.8,,,,
NO2,Non-Hispanic White,ppb,11.457,7.153,5.985,-47.8,,,,
NO2,Non-Hispanic Black,ppb,14.840,9.758,8.191,-44.8,3.383,2.206,1.295,1.369
NO2,Hispanic or Latino,ppb,17.201,11.186,9.363,-45.6,5.744,3.377,1.501,1.564
NO2,Non-Hispanic Asian,ppb,18.383,11.795,9.830,-46.5,6.926,3.844,1.604,1.642
PM25,Entire population,ug/m3,12.933,9.282,8.034,-37.9,,,,
PM25,Non-Hispanic White,ug/m3,12.477,9.080,7.771,-37.7,,,,
PM25,Non-Hispanic Black,ug/m3,14.295,10.286,8.651,-39.5,1.818,0.880,1.146,1.113
PM25,Hispanic or Latino,ug/m3,13.490,9.371,8.512,-36.9,1.012,0.740,1.081,1.095
PM25,Non-Hispanic Asian,ug/m3,14.134,9.430,8.563,-39.4,1.657,0.792,1.133,1.102
