Year,Unit,v1 national,v1 minority,v1 NH White,v1 ratio,v2 national,v2 ratio,v1 minus v2
,,conc,conc,conc,dimensionless,conc,dimensionless,conc
2006,ug/m3,0.1860,0.1719,0.1939,0.886,0.1724,0.890,0.0136
2007,ug/m3,0.5712,0.5400,0.5888,0.917,0.5078,0.897,0.0634
2008,ug/m3,0.3014,0.3359,0.2820,1.191,0.2867,1.201,0.0148
2009,ug/m3,0.1616,0.1673,0.1585,1.055,0.1445,1.037,0.0172
2010,ug/m3,0.2290,0.2024,0.2441,0.829,0.2087,0.839,0.0203
2011,ug/m3,0.5855,0.5851,0.5858,0.999,0.5462,1.008,0.0394
2012,ug/m3,0.5007,0.4377,0.5362,0.816,0.4695,0.824,0.0312
2013,ug/m3,0.3410,0.3174,0.3543,0.896,0.3185,0.887,0.0225
2014,ug/m3,0.1966,0.1648,0.2145,0.769,0.1801,0.761,0.0165
2015,ug/m3,0.3725,0.3145,0.4053,0.776,0.3483,0.790,0.0242
